Customer ID;Customer Name;Country
CUST-001;Rodriguez, Figueroa and Sanchez;United States
CUST-002;Doyle Ltd;United States
CUST-003;Mcclain, Miller and Henderson;Canada
CUST-004;Davis and Sons;U.S.
CUST-005;Guzman, Hoffman and Baldwin;U.S.
CUST-006;Gardner, Robinson and Lawrence;U.S.
CUST-007;Blake and Sons;United States
CUST-008;Henderson, Ramirez and Lewis;United Kingdom
CUST-009;Garcia-James;United States
CUST-010;Abbott-Munoz;United Kingdom
CUST-011;Blair PLC;Germany
CUST-012;Dudley Group;United States
CUST-013;Arnold Ltd;United States
CUST-014;Mcclure, Ward and Lee;United States
CUST-015;Williams and Sons;U.S.
CUST-016;Galloway-Wyatt;U.S.
CUST-017;James Group;United Kingdom
CUST-018;Flowers, Martin and Kelly;United Kingdom
CUST-019;Adams, Zuniga and Wong;United States
CUST-020;Reid, Ferguson and Sanchez;United Kingdom
CUST-021;Gray-Mayo;U.S.
CUST-022;Watts, Robinson and Nguyen;United Kingdom
CUST-023;Perez Inc;Germany
CUST-024;Morales-Jones;U.S.
CUST-025;Walter, Edwards and Rios;Germany
CUST-026;Wilkerson-Day;United Kingdom
CUST-027;Baker and Sons;Canada
CUST-028;Hoffman, Baker and Richards;United States
CUST-029;Ross, Robinson and Bright;U.S.
CUST-030;Snyder, Campos and Callahan;Germany
CUST-031;Burton Ltd;Canada
CUST-032;Carlson-Cruz;Canada
CUST-033;Ferrell, Rice and Maddox;U.S.
CUST-034;Frazier Inc;U.S.
CUST-035;Dyer, Potter and Mack;Canada
CUST-036;Rodriguez-Graham;United States
CUST-037;Smith-Bowen;United States
CUST-038;Baker, Mason and White;Germany
CUST-039;Harrell LLC;United States
CUST-040;Romero, Gonzalez and Brooks;Canada
CUST-041;Ryan PLC;Canada
CUST-042;George Group;United Kingdom
CUST-043;Rodriguez LLC;Canada
CUST-044;Allen-Allen;United States
CUST-045;Arroyo, Miller and Tucker;Germany
CUST-046;Spence PLC;United Kingdom
CUST-047;Anderson Group;United States
CUST-048;Martin, Rose and Obrien;Germany
CUST-049;Hickman Ltd;United States
CUST-050;Harris, Collins and Carney;United Kingdom
